feature,weight
ability,0.059988678221829045
able,0.10487273086104057
absolutely,0.3255917943016771
absolutely amazing,0.32455131709250906
accept,-0.274830317465297
access,-0.18222908854613024
accused,-0.05402227345808022
achievement,-0.05667913982212617
act,-0.12215775446444534
acted,0.2369433809242603
acting,0.20837337292534686
acting bad,-0.16001602562635067
action,-0.0477279275509511
action movie,-0.17160988258643287
actor,-0.05282698423990735
actor give,0.13077233534760094
actress,0.2185148928673484
actually,0.7713055119614138
added,0.37548288637458693
addition,-0.030142545797184797
additional,-0.03106130248677964
adorable,0.786017723010722
advise,0.6118117100955303
aerial,0.2188281073815733
aerial scene,0.14736727563324414
afraid,0.47289592440584755
afternoon,-0.1102295112366586
age,0.21528893912694466
ago,0.23236969140397093
air,0.14488549437862486
allowing,0.05310369597351866
almost,-0.14002739130645114
alone,-0.13474243324233454
along,0.03928152215616505
already,0.3069274327611055
also,0.5669502833263995
also great,0.2115938941253242
also make,0.3808093418579976
also phone,-0.24026787577600145
also take,-0.02473187379103156
although,-0.3377187373075546
always,0.8505867386919644
always good,0.22940330236468853
always great,0.18990173070156108
always hit,0.24133762356127267
amazed,0.3671461521526914
amazing,1.9958082674863435
amazon,0.03150755543953173
ambiance,0.11130730524406947
ambience,0.3499824855918213
america,-0.0604954674567728
american,-0.07014256748489493
amount,0.2563220511026571
ample,0.281374675507988
angeles,-0.26395314356070054
angle,0.1659679985145346
angry,-0.18606042801063344
annoying,-0.7082857508942111
another,-0.43861945875494923
another minute,-0.262733646009464
answer,0.027913831640624928
anyone,-0.3244723672439925
anyone could,-0.12563054763439954
anything,-0.529228477205156
anytime,-0.4008545950868992
anytime soon,-0.4008545950868992
anyway,0.09730686368508616
apart,0.13710646387713138
appalling,-0.6311999320403306
appealing,-0.4701224499314196
appearance,0.4210079071325574
appears,0.3537735305965431
appetizer,0.32936711870012086
appreciate,0.1845255754665705
appreciate subtle,0.09264453464064594
area,0.2781613589901599
around,0.15056957683711877
around like,-0.17905848507285357
array,0.3618863637675273
arrived,-0.3801936907128109
art,0.6320665973418887
art movie,0.19329469474318398
as,-0.17653910442887968
aside,-0.3136749990790367
ask,0.7931920898227749
asked,-0.6226137419446721
asleep,-0.06835665382780541
aspect,-0.02707031681445861
assure,0.8205248909818199
ate,-0.28619772853659226
atmosphere,0.37279034257820737
atmosphere fun,0.31541882506528396
atrocious,-0.044854279316080416
attack,-0.28089337746578524
attempt,-0.03187551530500375
attention,0.025958200896118052
attentive,0.6140172515033482
attitude,-0.28714809750879566
audience,0.12943840213681873
audio,-0.05955205478072014
audio quality,0.04214576851320065
authentic,0.36036782846361826
auto,-0.030052708079447807
average,-0.9557599008264654
avoid,-1.02563728739521
avoid cost,-0.3049039040290445
avoid place,-0.25128451364207033
award,0.005670485406573141
away,-0.4069087433086961
awesome,1.7746564292352454
awful,-1.6697311911370767
awkwardly,-0.19500092661122706
baby,0.22251703998958622
back,-0.6160569139487265
back anytime,-0.17677394530489385
back every,0.34887459127163983
back place,-0.16103996755679448
background,0.22185051573309594
bacon,0.4409177558919667
bad,-3.171514729732997
bad acting,-0.08496566843674903
bad bad,-0.03006275286360245
bad even,-0.10435670210083374
bad film,-0.28518362873460695
bad food,-0.260711932926673
bad idea,-0.12124214820207024
bad movie,-0.2321792636845967
bad review,-0.14233297431903472
bad script,-0.08852308010028387
bad well,0.2149608039034666
bagel,-0.1651503081350328
bakery,-0.09656641391209779
balanced,-0.1058956097629637
ball,-0.19509543027792156
bar,0.19727573783827834
barely,-0.507633667340056
bargain,0.30558744002808413
basically,-0.4703413659136935
bathroom,-0.2811019794056353
battery,-0.11607525521693493
battery life,-0.11134027262596363
battery work,0.15793161997064428
bay,-0.07142740626361518
bean,0.13432629374208757
bear,0.015745316165108533
beat,0.49140094560965386
beautiful,1.195403934915871
beautifully,0.3670410527341716
become,0.5486152667120532
beef,-0.08986924847500317
beer,0.4949719855685912
beer selection,0.14172034766668962
began,0.015025492813242442
begin,-0.16779386555740042
beginning,0.4738758234049858
behind,0.004493843302174707
believable,0.33766361681068274
believe,-0.48579494181502225
bell,-0.2345592592461569
belly,0.16846003665519335
belt,0.09803044839525205
best,2.085606278174685
best bluetooth,0.21292841848614807
best movie,0.14603760915012204
best part,0.15683958631412728
best phone,0.4504301287351595
best place,0.2978912428888274
best scene,0.16219202682044617
better,0.2871182819353227
betty,0.06840190853684654
beware,-0.3179550900908954
beyond,-0.23528721247850765
big,-0.29788170627894217
biggest,-0.0801458223259621
bill,-0.07511919467661343
billy,0.04050646588614417
biscuit,0.1469309950643484
bit,-0.8805395311445118
bit disappointed,0.10380685370736152
bit predictable,-0.17369720544447245
bite,0.1534930609267998
black,0.2766477381248249
black white,0.13825042049560698
blah,-0.579645967409312
bland,-1.2848385336052617
blood,0.26719327046477354
blown,-0.15188283575984007
blue,0.4044095565007604
blue tooth,0.01655805435138472
bluetooth,1.0088279898759145
bluetooth headset,0.1264104339187071
boba,-0.34384085169429246
bonus,0.23637479998488162
book,0.26843811156886804
bore,-0.4091856716403168
bored,-0.20285431453636735
boring,-0.782905436002958
bother,-0.6853637679776025
bother movie,-0.06489055084798571
bottom,-0.3336881599235065
bought,-0.026981900856962417
bowl,0.35155285763388167
box,-0.015457427378177489
boy,-0.23483120980920427
boyfriend,0.3013853885062351
bread,0.585488506551094
break,-0.8129581848174621
breakfast,0.4433329442386839
brick,0.22232168524824875
brick oven,0.22232168524824875
brilliance,0.449197932161029
brilliant,1.0108126399040327
bring,-0.4955096201224964
bring check,-0.2445973180455122
brings,0.2807726665439482
broke,-0.7810320630871193
broken,-0.2566781053615158
brother,-0.03190884147189144
brought,0.10508828849626173
brunch,0.06158322993700521
bt,-0.36765022069501996
bt headset,-0.27628706217762444
buck,0.07718399635987686
budget,-0.24201585787943136
buffet,0.43917908105141656
building,-0.25580173901970527
built,-0.017733745992213053
bullock,-0.16800970744545035
bunch,-0.13369739056128607
burger,0.055691897852117346
burger good,-0.13765221700998748
business,-0.4440708562420148
busy,-0.4188551841244695
butter,0.19288565929282392
button,-0.4746266715203369
buy,-0.7697213912310804
buy product,-0.504628443137859
buyer,-0.6138645582271222
buying,-0.7709894258090969
buzzing,-0.21329924720895943
buzzing override,-0.21329924720895943
cable,-0.15459565538782616
cafe,0.014305086241406424
cake,0.0684418989092214
call,-0.991841555148954
called,0.27238411327365364
came,-0.1966580925541934
came back,-0.22964911843193475
came phone,-0.01419775332014367
camera,0.36400614289463246
camera nice,0.11349976248019533
camera phone,-0.12101288179632656
camera really,0.22874598092033832
camera work,-0.16421611802128702
cant,0.11152792695497213
car,0.17169700663228218
car charger,-0.047657693751816124
card,-0.35421339703121413
care,0.05035567683803856
careful,-0.33501630219653095
carry,0.4098744659118999
cartoon,0.5161472052319385
case,0.8650394330209368
case fit,-0.18600202015120365
cashier,0.10498847526584691
cast,0.4855392659286105
cast also,-0.003317175376616969
cast good,0.29571597317076753
casting,0.2868170465543069
caught,-0.05646101522802301
caused,-0.2549850197810285
cease,0.16516412850122883
cell,0.47679140342574894
cell phone,0.13864498874071884
cellphone,0.21759739297706196
central,-0.03963461647306629
century,-0.03055889545609174
certain,-0.17447974770605093
certainly,-0.024411149483555838
chance,0.0874379694401356
change,-0.11848927609775958
changing,-0.2518642769444993
char,-0.10657803830494536
character,1.3369484411804287
character interesting,0.2838939663960134
character one,-0.15630397916213631
charcoal,-0.178179429852984
charge,-0.9902121621455912
charge like,0.13711609589087412
charged,-0.005763269164545626
charger,-0.6133267391243171
charging,0.10859052763046942
charisma,-0.3407003170028258
charles,-0.018847660845536678
charm,0.35850685928176945
charm work,0.28700479117547195
charming,0.40268516080328814
cheap,-0.7060131539086132
cheap plastic,-0.2612176718078172
cheaper,0.3426672909364976
cheaply,-0.35150377517259407
cheaply made,-0.35150377517259407
check,0.46004602118047866
checked,-0.354831673102571
checking,0.4222773577901058
cheek,0.2238172005949557
cheese,0.04199033656548219
cheeseburger,0.025238029121438264
cheesy,-0.0596390118103585
chef,0.49464588254619785
chemistry,0.05143934388027007
chick,-0.2900579413156599
chicken,-0.05246208665306965
chicken tender,0.08612109173995304
child,0.3033485515629178
childhood,0.040338175709435854
chinese,-0.17815741605540258
chip,-0.21658184673388076
choice,0.20331195966810692
choose,0.19591465798772917
chow,0.1730977344003692
christmas,0.4001752772343406
church,0.23179968372078366
cinema,0.5160781695942703
cinematography,0.6553015037468007
cinematography film,0.3199080079028445
cingular,-0.6816511778962554
circumstance,0.01682058302942985
clarity,0.3301115371178475
class,-0.036395694333617695
classic,0.22822418492563168
clean,0.35543228617866396
clean friendly,0.11029362166001172
clear,0.985808839892409
clear great,0.08785950586312276
clearly,-0.5398719487721467
clever,0.12482928977517718
clich,-0.4646304989903706
clip,-0.34551114780926734
close,0.18751934774060056
closed,-0.12350581258550238
club,0.08938159813852004
cold,-0.5750337219139895
cole,-0.0017919397739219458
color,-0.1318438222577676
combination,0.282557667402863
come,0.2907105532443592
come back,0.6351672118385716
comedy,0.3002172193523069
comfort,0.16057534628441517
comfortable,1.3629886646648357
comfortable ear,0.40493930247637516
comfortably,0.4352283613983173
coming,-0.34969622076127554
coming back,-0.1058170230154724
comment,0.13983748541020527
communication,-0.08623117955779429
company,-0.3004817761381686
compelling,0.3189352635251854
complaint,-0.27572934458644477
complete,-0.11662756072382974
completely,-0.6368677185606346
complex,0.1141027247635378
composition,0.19480303168054292
computer,-0.4361723979345176
concern,-0.10201678131308686
conclusion,0.5518154398805202
conflict,0.11988357510069586
connected,-0.009751172353080628
connection,-0.21405930319001784
consider,-0.18621675803407348
considering,-0.12361753434755433
consistent,-0.09927670148447448
constructed,-0.1974557024189646
construction,-0.16141580777651984
consumer,-0.4053931115606671
contact,-0.4848721504385308
contained,-0.13632985180389665
contains,0.05177372821394192
continue,0.06440106398966992
continuity,-0.15467477238472685
contrast,0.4242129456024473
control,0.18926878409704756
convenient,0.1804961325826904
conversation,-0.2834995122070898
conversation phone,-0.21329924720895943
convincing,-0.013556429783160228
cook,-0.2995526204930988
cooked,0.48416394313527444
cool,1.5218545683264022
corn,0.12550047741647072
correct,-0.6544386545817001
cost,-0.11560794396345044
could,-0.7084584866585011
could get,-0.27407017297794656
could happier,0.36429311954169974
could stand,-0.2494191870270289
could use,-0.23695102967454168
couple,-0.1490958606489186
coupon,-0.06525534892240845
course,0.14675617032202756
courtroom,0.27841952385918023
cover,-0.3313859932602471
cover girl,-0.22941020761415218
coverage,-0.3467773380115278
covered,-0.08107556866447165
crap,-0.8081712663943024
crashed,-0.1233640186300702
crazy,0.14531828137426375
cream,0.13300359019511765
creamy,0.38534896810808683
created,0.09210434247238466
creates,0.33253337055824594
credit,0.11954201355061708
crisp,0.517298686497416
crispy,0.2682665754960035
crowd,0.00820983947150308
crowd pleaser,0.19380769712781631
crust,-0.668922342949855
cult,0.03591868369910586
culture,0.0031964909038007536
cumbersome,-0.4002485510714131
customer,-0.467089640166948
customer service,-0.32883900367471147
cut,-0.45593684298683707
cute,0.8208995784384999
damn,-0.12495075671621453
dance,0.36154763722163374
dancing,0.12637978273970257
dangerous,0.2272883554866521
dark,0.6505373394136419
data,0.39426595961577326
date,0.41151604030308037
daughter,0.19564687908612105
day,0.2662201119220168
day one,0.09225104313460596
day without,0.29786948744452557
dead,-0.3116358165382293
deal,-0.035401527209057045
dealing,0.23920200170289208
death,-0.1691681787166333
decent,0.46683345101326795
decided,0.058867841492122555
decision,0.2841187704095337
decor,0.306143685636271
decorated,0.3536175015496151
dedication,-0.010842869383250235
deep,-0.23567780981358175
deeply,-0.050753704312389736
defective,-0.37551961816491974
definately,0.48050131098218135
definitely,0.8891689708818057
definitely one,-0.045859223447230535
definitely recommend,0.42420885675208164
definitely worth,0.18091393646717627
delicious,2.0362836707324794
delight,0.6835709740111715
delightful,0.6141478062053309
delish,0.29716966879237966
deliver,-0.11688826875598086
delivers,0.21355807159037213
delivery,0.27715221583793
depth,-0.3366429510918998
describe,-0.2924226398343381
described,0.5570066180128842
description,-0.13967426873631614
description said,0.2140969536937446
deserves,0.22024750151360184
deserving,0.005670485406573141
design,-0.5705083222639535
design flaw,-0.3187570464307432
designed,0.1867799832831679
despite,-0.046934315235846506
dessert,0.41284250624318164
development,0.37832849313080874
device,0.28307640137121176
dialing,0.39739999418589234
dialog,-0.07330575239226161
dialogue,-0.11283939750948523
difference,0.09385629434045747
different,0.22158549832820068
difficult,-0.7969726440312799
dine,-0.0035108409326918277
dining,-0.13203522145512253
dinner,0.0711406907204848
directed,0.005873470571772016
directing,-0.5311705861365806
direction,-0.2949953624627422
director,0.12177547706016642
directorial,0.025187634792928407
dirt,-0.38495447998900817
dirty,-0.5655460657245556
disappointed,-0.96599145582907
disappointing,-1.5128959901805186
disappointment,-1.5052291268135476
disaster,-0.22002091531167622
disbelief,-0.2617920863085241
discomfort,-0.018367272292523135
discount,-0.03949577291473999
disgrace,-0.48748945570158014
disgusting,-0.7823151575168974
dish,-0.050759573199835595
dish quite,0.04211089941064261
dislike,-0.13871750252163617
disliked,-0.3389621425990289
display,0.4160631927033074
disturbing,0.0031964909038007536
doctor,0.20342230978354867
documentary,-0.034508941071661
documentary seen,0.22255256341470064
dog,0.1221160957975873
dollar,-0.3936227051304291
done,0.07067943285581499
dont,-0.469888161600148
dont waste,-0.13641401174787188
door,-0.3057486685830768
double,0.025238029121438264
double cheeseburger,0.025238029121438264
doubt,-0.35311376202052974
download,0.21440805809626254
downtown,-0.06410590118096944
dozen,0.10317679929728661
drag,-0.2959964084542272
drago,0.0415049902095227
drain,-0.5124020309294546
drama,0.4535602940281603
dramatic,-0.026880803599673705
drawing,0.07379034856307205
dream,0.388714929530155
dressing,0.13746213656325934
driest,-0.26354919537574373
drink,0.04722661928281165
drive,0.2878049326112007
driving,0.6702667687312919
drop,-0.1337828325495076
dropped,-0.6566158055702762
dropped call,-0.2676161371216556
dropping,-0.38911799872708563
dry,-0.4959438918418823
duck,0.3000981228490571
due,0.04725628458679092
duet,0.1712057314586954
dull,-0.3292171280481482
dumb,-0.1029945092294215
dvd,0.004693572051929735
ear,-0.16241291859480997
ear loop,0.000111798202242306
ear plug,-0.052535445629101195
earlier,-0.12413584454587166
early,0.12154754932823911
earpiece,-0.3001369515986587
earth,-0.5461450293299682
ease,-0.10441397742519137
easily,-0.615337416157126
easy,1.182945685617324
easy use,0.5899314165427485
eat,-0.38871764597072045
eaten,0.2109766012515168
eating,-0.15878431940566948
echo,-0.2907898005231206
ed,-0.3135173817973022
edge,0.4128838019465652
edible,-0.4162004122907154
editing,0.37357949458120737
effect,0.3978335446374124
effective,0.2489343697993528
egg,0.0477585177280986
eggplant,0.19334264174620536
either,-0.33671560841089615
elegant,0.18547909781422556
element,-0.11284047682930556
else,-0.4051300295603781
elsewhere,-0.701445500798543
embarrassing,-0.618956809600341
emilio,0.1712134353026652
emily,0.17049177208748018
emily watson,0.17049177208748018
emotion,0.33983873664693526
employee,-0.20935871652285895
empty,-0.3409002584644819
end,-0.031168246782894683
end call,-0.24423014822331857
ended,-0.17212983952352356
ending,-0.11464601989086641
energy,-0.016055372853811013
english,-0.28210535679129195
enjoy,0.3207112746983471
enjoyable,0.3325536506596886
enjoyed,1.3780571897474398
enjoyed every,0.3365894953626539
enough,-0.7054289098652956
enter,0.011151813849548565
entertaining,0.7205968029310132
entire,0.4155941180245647
entire life,-0.09441518346783861
entirely,-0.33168350625150034
episode,0.18393362462012272
equally,0.08186854947572922
era,0.3258841019771857
errol,0.1917254391484685
errol flynn,0.1917254391484685
especially,0.19530368440236873
essentially,-0.4015853883941445
establishment,-0.25226679589955436
etc,-0.006435486556740583
european,0.23632529523828874
even,-0.5057074511432058
even good,-0.15630397916213631
even say,-0.2977217411942151
even though,0.14429978755120454
evening,-0.15040146193863443
event,0.3277058228190989
ever,-0.633594705089161
ever eaten,-0.1489010990151806
ever go,-0.43605333273730124
ever great,0.09925568787345783
ever made,0.1043333898116207
ever seen,-0.38932314048178224
ever tasted,0.024101313284230166
every,0.8888041223890114
every single,0.2595362465133508
every time,0.026403959796261138
everyone,0.23201038128312462
everyone love,0.090150995367787
everything,0.809493183117163
everything menu,0.18630592418437752
everything movie,-0.25879421580513884
everywhere,-0.36132424834229354
evil,0.33348636971774487
exactly,0.9230078011097727
example,-0.1699826726961242
excellent,2.495204906972292
excellent camera,0.1660484171567796
excellent film,0.16896320983705726
excellent job,0.25702302802175886
excellent performance,0.277420073493754
excellent product,0.4828907443857904
excellent service,0.3886095730403425
excellently,0.2431395553286336
excellently produced,0.2431395553286336
except,-0.23410950706772354
exceptional,0.5000791636667417
exchange,0.011724710047707254
exchanged,-0.046800238282817826
excuse,-0.3663747822190067
expect,-0.05115008356022916
expectation,-0.1179397233101864
expected,0.11073836538743807
expensive,-0.11601535847593371
experience,0.12124166483282042
experienced,0.027380922425998145
explain,0.0028237177516111187
exquisite,0.3400146884431732
extended,0.37610962120848623
exterior,0.08448354880602273
extra,-0.3408434475837563
extraordinary,0.4502881197512733
extremely,-0.2933544631937441
extremely slow,-0.2888537100363509
eye,-0.03219863555488087
fabulous,0.2023663670218683
face,-0.11425493054926883
fact,0.09000883298534806
failed,-0.9458077718640802
fails,-0.9003275361304183
fair,-0.36913919808201073
fairly,-0.2565840198264223
fall,-0.10502127804342959
falling,-0.1887409409832502
family,0.9468820731138837
family restaurant,0.2570697050998666
famous,0.019454556278640234
fan,-0.19661877676830644
fantastic,1.8366600192963913
fantastic service,0.2905610338661456
far,0.8812877811820525
far better,-0.24378697117547832
far good,0.3981776896715454
fare,-0.0048145928413651715
fascinating,0.34286000085864793
fast,0.8101912227560365
fast service,0.32696477609104696
fat,-0.15873268779899538
faux,0.3207350302791367
favor,-0.29983228768841363
favorite,0.5231459298026954
favourite,0.16538584746728327
favourite actor,0.1917254391484685
fear,-0.256458905121284
feature,0.06827388574085742
feature really,-0.32403749462041836
feel,0.18819261093116144
feel good,0.26468115490244054
feel like,0.13570406238957383
feeling,0.41001798338557266
fell,0.04695640637513818
felt,-0.5223597941998923
felt like,0.3685291406206307
female,-0.11751509373936657
fi,0.1208795348662287
figure,-0.2321322575333473
filet,-0.3109331897278253
filling,0.035646426179414235
film,1.0620714984381592
film bad,-0.13947240602687525
film ever,0.022251297346318224
film fails,-0.2343690776647597
film give,0.2816571285267034
film go,0.1082705597728731
film great,0.2117136379047104
film lack,-0.2776878882151727
film like,0.4585832745928474
film look,-0.3333658770723906
film making,0.2994625338653258
film might,-0.11121398755200147
film nothing,-0.16715107154983483
film started,-0.2924786319513931
film still,0.19433145058180662
film well,0.1418463540768742
film wonderful,0.14437384898235145
filmed,0.4071054613633151
finally,-0.22276306835395895
find,0.071547362839555
fine,1.4093770341617027
fine performance,0.2444309232830102
finger,0.3481687550404241
fire,0.1554666737404423
first,-0.2286992522874661
first movie,0.07096336907297332
first place,-0.21055316977783511
first thing,-0.2594377051587802
first time,0.36732634776739725
fish,0.04948350755237921
fit,-0.12140980954400556
fit comfortably,0.3310843127964372
fit ear,0.2664516968557171
fit fine,0.3022148182067826
five,-0.06564133246587568
flat,-0.47777411082853277
flavor,-0.6450095229606891
flavorful,0.5196631611747141
flavorless,-0.43058465919195366
flaw,-0.3282572362999142
flawlessly,0.39810688279960266
flick,-0.11750753852654769
flip,0.04916543160375208
flop,-0.42241978937505525
flynn,0.1917254391484685
flynn brilliant,0.1917254391484685
focus,-0.08361544634490975
focused,-0.19439759605326146
folk,0.4006709915337126
following,0.047182901673471896
food,-0.4958238346841101
food amazing,0.42220829662310055
food average,-0.30934245515140896
food bad,-0.13512217826616774
food came,0.10804607213773113
food delicious,0.5495454641281703
food ever,0.07184954423186286
food good,-0.026828976093388107
food great,0.23426851422321054
food quality,-0.25119696680201475
food service,0.10021582638340693
food terrible,-0.27182957670665964
foot,-0.061464939508193546
footage,0.28944041887304284
force,-0.0014609890622633377
forced,-0.3592250989193211
forever,-0.3380859761922424
forget,0.046962764150653896
form,0.0702058848306083
found,0.268417166437403
found place,0.37261399802747286
found product,-0.10850346747667926
four,0.03357274829749991
frankly,-0.10972158685802982
free,-0.03273782507380264
freedom,-0.1117433775427977
fresh,0.8646972972721056
fried,-0.4556276706027741
friend,-0.15572661858144193
friendly,1.412551693467987
friendly helpful,-0.12654448397116547
friendly staff,0.28450523378039744
frightening,-0.00012254122273574404
front,-0.09669161509663612
frozen,-0.4085644999139239
frustration,-0.3356409896126046
fry,0.22466881769058583
fulci,0.16999115416400945
full,0.2720433625739062
fully,-0.28134442887045896
fun,0.8430897716102356
function,0.2305646111320301
functionality,0.25204115500010793
funny,1.4525889443524782
fx,-0.016633930506396884
gadget,0.44563541568503146
game,-0.23455352324047218
garbage,-0.4992901392867806
garlic,-0.018489242951965842
gave,0.6085311429591757
gem,0.3054522573728264
generally,-0.045617096822066654
generous,0.442588401260434
generous portion,0.2749108140589791
genuine,0.27442179583896775
get,-0.4704535365918054
get pay,-0.21467605821703115
get see,0.33081687205198734
getting,-0.5621921319944457
giallo,0.16999115416400945
girl,-0.26483001802431033
girlfriend,-0.33528523936625065
give,0.6016485899990144
give try,0.06296196393467762
give zero,-0.29267086365716627
given,0.42109497468334267
giving,-0.30755294633972075
glad,0.7216282205241877
glad found,0.332956835204412
glance,0.013216419165620406
glass,-0.0005065527451249548
glove,0.1110607833206187
go,0.43362719976759834
go back,-0.46163806827672654
go see,0.2792096161089196
go store,-0.0718895135061938
go wrong,0.44844392186950777
god,-0.18435604161470945
going,-0.6558319566416727
going back,-0.5296988862079335
going first,-0.2936869795093483
gon,-0.26868609811850636
gon na,-0.26868609811850636
gone,-0.21344227230755908
good,2.2693766556802566
good actor,-0.0064852104897222766
good battery,0.22222925728165885
good beer,0.16867176736098075
good case,0.24482424864506924
good day,0.10519319311977848
good enough,-0.5507587537455582
good film,-0.25771816166059686
good food,0.19245321063204923
good item,0.016386711921144735
good job,0.29519083023815473
good movie,0.14342797044277114
good phone,0.5018003181935231
good price,0.528104853770415
good product,0.5350305750152206
good quality,0.4301347911290473
good selection,0.1856051398943442
good service,0.3625305097331355
good stuff,0.3476821642518488
good thing,0.3813819849756101
good though,0.33658915419352126
good way,-0.6833394114335032
good work,0.2789787945350443
good year,0.22493731063934708
gosh,0.06965766093625654
got,-0.043856852514666485
got home,-0.28353248226585304
got phone,0.1697654704587136
gotten,0.06794274305601766
grace,0.39212398918427277
graphic,0.296427779026955
grease,-0.2992349245081591
great,4.78785361135951
great actor,0.054402684054383595
great atmosphere,0.12961578573583438
great deal,0.20319113031858457
great director,0.08371291704838299
great experience,0.2196218737014189
great film,0.1431254910702087
great food,0.4197018831429524
great job,0.19461254426982452
great movie,0.12179523563767643
great phone,0.4379865046986053
great picture,0.17817121522791596
great place,0.4277230132962692
great price,0.22202023127157197
great product,0.4181407609804157
great quality,0.14798842772137047
great reception,0.09208086726107578
great service,0.2891726764390914
great side,0.09016783231073196
great sound,0.14886504445148552
greatest,0.10209333136018854
greatest film,0.1043333898116207
greek,0.39421738433595166
greek dressing,0.280503544832127
green,-0.3100953213537348
greeted,0.36490971341901496
greeted seated,0.36490971341901496
grill,-0.2511642351185895
grilled,0.35831151603026545
gripping,0.07504286936462513
ground,-0.01859326810436269
group,0.5153582216756827
guess,-0.6316128427394178
guest,-0.08988102015386122
guy,-0.1912483190524863
gyro,-0.47760667231667925
hair,-0.23744572404896075
half,-0.4721394096171363
hand,0.591993265736152
hand free,0.2340793695649854
handled,-0.16175510388975206
handsfree,0.2064775677539715
handy,0.21503790332579595
happen,-0.03715185358344738
happened,-0.3388158104204356
happier,0.7970882624605621
happy,1.459736592754919
happy product,0.4253680401590979
happy purchase,0.4011678598983345
hard,-0.5477257206361723
hard enough,-0.2510565472844819
hardly,-0.04451402638590822
hate,-0.7960908032955747
hated,-0.36123956447652933
head,-0.18301796101953832
headphone,-0.3468025374552697
headset,0.4758646155510319
headset ever,0.31971395889410054
headset work,0.3779661136542737
hear,-0.3893240692233029
heard,0.17335127334436023
heart,0.29044830853228765
heart attack,-0.28089337746578524
heat,-0.02277387800817436
hell,-0.3531628553511368
help,0.2572315492895787
helpful,0.19295889332743016
hence,0.14621020414990013
hero,-0.06840722744025503
high,0.07411494549392551
high quality,0.10968401706845747
highlight,0.28416979922567775
highly,0.4473823126768481
highly recommend,0.8613120870137091
highly recommended,0.3220356364336875
hilarious,0.3982672106454074
hill,0.220886937357517
history,0.453075612795341
hit,0.14547537704439176
hitchcock,0.2004045027386931
hold,0.07786372182738684
hold charge,-0.09637553076320914
holding,0.4003090995409936
hole,-0.11060653083531018
holster,-0.1863454410783356
home,-0.07055871706202672
home made,0.23356729784499472
homemade,0.1626127848660063
honest,-0.28655540408257535
honestly,-0.10434519391182032
hope,0.3447640603923348
hope place,0.11372941190571034
hopefully,-0.018475642577070368
hoping,-0.38677151124076453
horrible,-1.5065129463599702
horrible acting,0.0031964909038007536
horror,-0.3467462496930653
horror movie,0.035963385805519235
hot,0.04981674775769333
hot dog,-0.01561684127580953
hour,-1.034761273790282
hour half,-0.26066478867619464
house,0.33755598270813114
however,-0.40353308661759535
huge,-0.07475425603126316
huge disappointment,-0.28912759868522575
human,-0.4377814670912649
hummus,0.293530169998808
humorous,0.3345160147245248
husband,-0.3164081212149231
huston,0.21173081634391278
ice,0.24638045837166794
ice cold,0.03751810968426011
idea,-0.3492554244241544
identify,0.16719096000323852
idiot,0.02113129668899354
im,0.04590015325400417
imagination,-0.8527896633892043
imaginative,0.2792659920889554
imagine,-0.32419565776678977
implausible,-0.31169053473885266
important,0.03408773233231441
impossible,-0.148392427812525
impressed,-0.12523245817103848
impressive,-0.18315684617754707
improvement,-0.37995670217915517
inch,-0.30826259163606157
included,-0.030496606809634126
including,0.4031877784998153
incredible,0.9988026081872062
incredibly,0.26359235976969814
indeed,0.4089246282104393
indian,-0.023141106357585203
indoor,-0.2959582773957976
indulgent,0.12071695810822065
industry,0.19109364002678192
inside,0.8479215084998354
install,-0.07518430095507131
instead,-0.1830884202110828
instruction,-0.5168152396391517
insult,-0.3484479867706127
insulted,-0.4692074798619791
intelligence,-0.23051529721202585
intelligent,-0.1582676689247577
interest,0.02269836628969768
interesting,1.2798540470768778
internet,0.13068766306860694
interplay,0.1712134353026652
involved,-0.496589146092095
iphone,0.20117031360732082
ipod,0.33409957026784726
issue,-0.0035897873484248017
italian,0.45891882128475564
item,-0.3080296711878452
item worked,-0.367823495734861
item would,0.10148317865878292
jabra,0.4155332244378499
james,0.11555800545952394
jamie,0.1180685930038359
jawbone,0.5402344000271916
jerk,-0.581384281510261
jerky,-0.265866602507709
jimmy,0.22616476915281838
job,0.8293293295517938
john,0.2793131914089525
join,-0.1325334080003485
joint,0.3414650678985943
joke,-0.5030929492742567
joy,0.5541085600796426
joy watch,0.2935301373710228
june,0.07789245078137567
junk,-0.9292326181803185
keep,-0.012227755504522007
kept,-0.3233573892851935
key,0.07869713645567701
keyboard,0.44695384763404444
keypad,-0.2671226883029683
kid,-0.03442381009602992
killing,-0.18441401418919498
kind,-0.22047182735090914
kind embarrassing,-0.18259080632406177
kinda,0.2673229920356588
knew,-0.018905264927792015
know,-0.013073042570409529
know make,0.28909742194989935
known,-0.028827295804172457
la,0.059327578833448906
lack,-0.6976645896319058
lacked,-0.3258826929390562
lady,-0.07272395557855912
lame,-0.5404502663258499
lane,-0.2587292028605081
large,0.06871273120759948
largely,-0.07780847811295959
last,-0.5033234268911663
last night,0.1624876055010268
late,0.15078242247201645
later,-0.27703615156398187
latest,-0.013544070524328678
laugh,0.28924344367446564
laughable,-0.2295547212209362
lead,-0.2020810228269083
leaf,-0.43307213920395204
learn,0.2902393562598978
least,-0.5199777252919547
least min,-0.2402813152127661
leather,0.19963454971152145
leave,-0.2651754999399407
left,-0.6501166891847113
legit,0.2685288343945027
length,0.294380802252782
less,-0.08623596167734861
let,-0.44538806921120017
letting,-0.012442668908248642
level,-0.1717200410546086
lg,-0.0784280755610129
lie,0.07504286936462513
life,0.5531287372063415
light,0.07612591949325019
lighting,0.14967864749345722
lightweight,0.26612311624317475
like,-0.20178954431889842
like character,0.06367051569905466
like charm,0.5145564503378569
like done,0.1443431828942476
like good,-0.06704676822739887
like loud,-0.21329924720895943
like movie,0.4466214840875527
like new,0.46567063402268677
like old,-0.22156428990233912
like place,-0.00377079556237382
liked,1.4017759515712864
liked movie,0.45043344037850047
limited,-0.4436626069903585
line,-0.6658127916549178
line right,-0.02785969198637531
lion,0.2900595099294986
list,-0.0060029632449388574
literally,-0.3270490054735946
little,-0.1576975007162314
little bit,-0.14249320669893623
little slow,-0.1858943403336748
live,-0.5408089937556592
living,0.1456778433993653
load,0.0023822331836682196
location,-0.6930228585282864
lock,-0.25042643405001713
logitech,-0.020613197134709396
loneliness,0.19853388783258644
long,0.1674001556611946
long battery,0.28081689466998394
long enough,-0.31146911022675483
long time,0.39542477677088617
longer,-0.3556389278530629
look,-0.5399663209691848
look appealing,-0.037739442098032656
look cheap,-0.245973675550864
look elsewhere,-0.2542243194909185
look nice,0.29991676339993467
looked,-0.24407269040608237
looked like,-0.27693601222642594
looking,-0.38408214826204223
looking good,-0.4643529434462385
loop,0.000111798202242306
loose,0.05600177606797851
lord,0.10903401725220473
los,-0.26395314356070054
los angeles,-0.26395314356070054
lose,-0.2281111478364807
losing,-0.2768194209873456
lost,-0.40428727854655183
lot,0.5955971695333654
lot better,0.002523122830662106
lot hole,-0.06743632431176569
loud,-0.06785334084270428
loud buzzing,-0.21329924720895943
lousy,-0.4774742160473772
love,2.340889780917286
love headset,0.19054430617992552
love phone,0.2642679192905231
loved,1.692743926295384
lovely,0.6243770129456014
lover,-0.29215015710003694
low,-0.3553087600714329
low budget,-0.039039946003297035
low price,0.2529659777951076
low quality,-0.3948209194372768
luck,-0.2439591949604005
lucy,0.06111768627784411
lunch,0.09887338443357602
machine,0.11125633273901439
made,0.3509521590741751
made feel,-0.05208367108422478
made film,0.09427230335334014
made house,0.005081750784359549
main,-0.10345148150900677
mainly,-0.11985597390717244
maintain,-0.2983309487756417
make,-0.3862812643169514
make call,-0.2777992157031967
make feel,0.23772746577227763
make mistake,-0.39172715123675844
make movie,0.16900402895881625
making,-0.06505007786708239
male,0.16039942861793277
man,0.201682332119001
managed,-0.2337565482700849
management,-0.6451737797683925
manager,0.0104558340741089
many,0.3341691867295409
many time,0.4261728685868916
many way,0.3078213137392062
margarita,0.029428544678763845
mark,0.37873805205890715
market,0.27139085986448647
martin,0.3069516922163532
mary,-0.07001005470634265
master,0.07072884868868198
masterful,0.01622691233496806
masterpiece,0.4563831628928837
match,-0.5177109205521367
material,-0.1227110809964762
matter,0.03351692431862365
mature,-0.013378480212778552
may,-0.2176688314560074
maybe,-0.6307063796712823
mayo,0.03643248115992378
meal,-0.20454799284952366
mean,-0.6095876111022658
meaning,0.11504400548108312
meat,-0.28457231736675037
mediocre,-0.7873102686657838
mediocre food,-0.27293313801869773
medium,-0.23276091085492176
meh,-0.5440841716678978
member,-0.10596210289247762
memorable,-0.04619256238096041
memory,0.17790052655690275
mention,0.1400733474660075
menu,0.6329177098496098
mercy,-0.21469899747538604
mercy killing,-0.21469899747538604
mess,-0.45948440675288776
message,0.13484279648102845
metro,0.17450467027449731
mexican,0.08571314533474747
mickey,0.42273343681731834
microphone,-0.05749561950050627
microsoft,-0.2822731919863235
mid,-0.3253364672626628
middle,0.25763161969119236
might,-0.632793882891659
min,-0.32558604871834446
min get,-0.21395805946689797
mind,-0.5908764194879562
mini,0.015716189868068227
minute,-1.3454189691213239
minute get,-0.2587507159087793
mishima,0.1141027247635378
miss,0.676846301171096
missed,-0.30338017910317855
mistake,-1.0395632929103555
miyazaki,0.2588465590634701
mobile,0.3747304372764123
mobile phone,0.3096582554377683
modest,0.21086115740656117
moist,0.43839347520540445
mom,-0.04771190651504801
moment,0.42413827435869944
money,-1.09972908332741
money time,-0.1665463280429021
month,-0.2583471588710293
mood,0.08934383472213057
mostly,0.3689617622221113
mother,-0.17605757190598764
moto,-0.007567637067200997
motorola,-0.10832259009199327
mouth,0.35751497974140584
movie,0.5023430532786531
movie also,0.5673146999122293
movie bad,-0.09200663351969818
movie definitely,-0.08064466314461692
movie ever,-0.19021849335972266
movie good,0.35833709975263117
movie great,0.11937807298523963
movie lack,-0.1769790649683664
movie like,0.09091630506574021
movie make,-0.03721833604797655
movie really,0.4313423561070851
movie recent,0.12438176894352325
movie seemed,-0.2562051427457781
movie well,0.20790420484854213
moving,0.04123890599114099
mp,-0.1754163398089742
much,-0.9989534136865523
much better,0.21053213254438394
multiple,-0.1211863096059866
multiple time,0.004929260667666807
mushroom,-0.01439671537283723
music,-0.37129956528875563
must,0.8035638807263945
must see,0.18897142442117804
na,-0.26868609811850636
narrative,-0.16811871143870596
natural,0.26812337000096476
nature,0.17759419106546245
nearly,-0.08764340917820973
neat,-0.051812350483253646
need,-0.12952366586811556
needed,-0.024715581592535237
needless,-0.29604204202196904
needless say,-0.29604204202196904
negative,-0.27124215552689346
neighborhood,0.06015242433155143
neil,0.25076666655003504
neither,-0.6629337867843835
network,-0.2133249857062512
never,-1.438854797828759
never cease,0.16516412850122883
never ever,-0.31953479562685794
never go,-0.2711330756852603
never got,-0.2535543742553866
never seen,-0.4362958647548664
never worked,-0.30019321265699245
new,0.21846818743826957
new battery,0.19856407024842465
new one,0.1404823309766846
new phone,0.08089013032479558
next,0.2719141618551407
next time,0.21878308929572826
nice,2.4038908501556784
nice ambiance,0.23788959752470862
nice char,-0.10657803830494536
nice clear,0.08785950586312276
nicest,0.4862230534434576
night,-0.15863558948555875
nobody,-0.326478735841159
noir,-0.18728855973408315
noise,0.07501485297095202
nokia,-0.6660910595483205
non,0.101629292687615
none,-0.8755467325997156
nonsense,-0.41034401620950933
normally,0.12170680956348573
note,-0.08381065523953991
noteworthy,0.17624808879684684
nothing,-1.4165506951532996
nothing short,0.1631759176634738
notice,0.005545573776984078
noticed,-0.20915543899325997
number,-0.4071705468042022
nut,0.4970416134904907
nyc,0.26705652910075267
obviously,-0.19167164485459587
occasionally,0.370277176750892
occupied,0.03089718110350293
odd,-0.30656263073349094
offensive,-0.10940667894660168
offer,0.031228367572075092
often,0.16336242842426207
oh,0.31074402542185814
ok,-0.6750038767949716
old,-0.9787745417810781
old man,0.09007085998007434
older,-0.09540126318419606
omg,0.6524429902202386
one,0.016905916606966935
one bad,-0.003450897681666078
one best,0.7876600292179211
one better,0.39934623726631874
one bit,0.10126390574887816
one boring,-0.09129990952393319
one fails,-0.2719517134366827
one favorite,0.36966946727159156
one got,0.015163730777144205
one greatest,0.148391737821214
one movie,0.2256381532964826
one second,-0.26705918681639623
one thing,-0.3106062941865984
one work,-0.06328312630685427
one worst,-0.2377764170783237
open,0.08105142907384925
opened,-0.3348716270943075
operate,0.008178202026620254
option,0.09147400304193887
order,0.83810825018483
order another,0.13332230027010913
ordered,-0.47069976393415003
ordering,0.23832882545199627
original,0.3955949438597252
original battery,0.3977962883679355
others,-0.10361021164882393
otherwise,-0.05427063194003734
outlet,-0.08649187007641836
outside,0.07426594731320312
outstanding,0.3706916691230736
oven,0.22232168524824875
overall,0.3198966745516568
overall impressed,-0.39631605549208687
overcooked,-0.24935420224001992
overly,0.2433793647281707
overpriced,-0.8327405730038243
override,-0.21329924720895943
override conversation,-0.21329924720895943
overwhelmed,0.029755660366287934
owned,0.21589164299345198
owner,0.5634563751474319
pace,-0.0005759201703993098
paced,0.3351682547708558
pacing,0.09040749035387026
pack,-0.27936009842611764
packaged,0.3440606688645362
pad,-0.041219510468302516
paid,-0.6855875100781319
painful,-0.4856759562993149
pair,-0.16049858374652767
paired,0.22686210472802648
pairing,0.15407539564493467
palm,-0.35951603906570945
pan,0.03626500867690676
paper,0.1530078548729109
par,-0.5556905382412086
parent,-0.12283764019285302
part,0.24865721265539936
particular,-0.3329811299751336
particularly,0.23796802412513796
party,-0.300273053984124
passed,-0.13252882148589337
past,-0.09930046484200108
pasta,0.09759759995053505
pathetic,-0.44074816228045466
paul,-0.04531236877669063
pay,-0.6592267996755735
pc,0.25520832327700194
pda,0.4153397778104555
peanut,-0.04251954379877563
people,0.41725425877188554
people like,0.39307386240258857
pepper,-0.03277282997624075
perfect,1.4047239393130158
perfection,0.38217828685669564
perfectly,0.8303119934753718
performance,0.42391660991784175
performed,0.354958499270632
perhaps,-0.30561187663218503
period,-0.059090939580018785
person,-0.46145052145395676
peter,0.2537444288151943
pho,-0.060894494811184335
phoenix,0.32172019279963654
phone,0.5443295358612241
phone battery,-0.010125643322670574
phone day,0.05352819648612372
phone even,-0.33867614989893896
phone ever,0.07843153328063579
phone get,-0.0153847111360709
phone handy,0.21503790332579595
phone problem,-0.252202122021153
phone razr,-0.3672740966482063
phone sturdy,0.38888245029389196
phone two,-0.015956928636406777
phone work,0.30620931970015086
phone working,0.3226286679133266
phone year,-0.3242146615059073
photography,0.37923811026030285
picture,-0.314984112843367
picture also,-0.05600263138125766
picture case,-0.32228905021523563
piece,-0.8968696689878418
piece crap,-0.21145714926054268
piece junk,-0.4125945096188092
piece trash,-0.274090292961144
pile,-0.2194115983962352
pita,0.3733619264161399
pitiful,-0.2771102256743863
pizza,0.16328686943514167
place,0.2047514025551845
place anyone,0.05407516666721707
place couple,-0.10821120555969112
place eat,0.09936257960655075
place go,0.34955739667841074
place lot,0.01961272293698805
place never,-0.22155372847465984
place really,0.28939188390435233
place way,-0.23322921338002128
place would,-0.2462693243621546
placed,-0.3526900443596582
plain,-0.09976688349364052
plan,-0.01720085828943059
plantronics,0.4649431309878748
plastic,-0.06833000512657124
plate,-0.011960297827801765
play,0.4247578626456724
played,0.8520765110981376
player,-0.0742610497545895
playing,0.2563960182574698
pleasant,-0.22410444701791216
please,-0.48455548101069257
pleased,1.2044847088520425
pleaser,0.19380769712781631
plenty,0.430247258290323
plot,-1.0608314006797916
plot hole,-0.11516434017216216
plug,-0.9537194117831755
plug work,-0.1753081660035395
plugged,-0.5507894579246778
plus,0.7973357702071268
pocket,0.4277933022611446
point,-0.10675153174416349
pointless,-0.09129990952393319
poor,-2.200351352594699
poor quality,-0.42407642026226716
poorly,-0.6822350992365741
poorly constructed,-0.1974557024189646
popular,0.2250441211258366
pork,0.39733404445518544
portion,0.13628667350081014
portrayal,0.5111017656019613
portraying,0.2648940956529349
possible,-0.5115528851210119
possibly,0.11267043175810011
possibly best,0.11267043175810011
potato,0.19075588459404552
potato chip,-0.0018542596779723057
power,0.21279468617567454
practical,0.24415714875282876
predictable,-0.10918247611531022
predictable bad,0.3773741657959204
premise,-0.5346439335398397
prepared,0.25888179749036416
preparing,0.05890249877416072
present,-0.09170048784887139
presentation,-0.06865506163847804
pretentious,-0.26710164933878716
pretty,0.6073913085766194
pretty cool,0.32469299560562803
pretty good,0.6140769884881696
pretty happy,0.290028818235709
pretty much,-0.15780195143425121
previous,0.08624864006651695
price,1.2187271685689762
price good,0.31164437242581344
price reasonable,0.36670486872881575
priced,0.83387737025507
priced right,0.28022479691015123
pricing,0.03129538776203172
prime,0.21675890892897504
pro,-0.02107642236060439
probably,-0.7892809637382504
probably would,-0.10811699973390458
problem,-0.592212254036116
proceeding,-0.3179740517567942
produce,-0.20298762748548727
produced,0.2431395553286336
producer,-0.021599990359407704
product,0.008111518082471098
product price,0.2520026646198038
production,-0.03883513953063115
production value,-0.0022502039323203313
professional,0.22874870960143018
prompt,0.7033642129786635
promptly,0.35445194042631434
properly,-0.32045729204237405
protector,0.04906814093702741
proud,0.03327479460196914
provided,-0.0703412951200696
provoking,0.2870056927274449
psychological,0.08531486826073222
public,0.04443167902997895
pull,-0.07627060331620658
pulled,0.07668128563828125
purchase,0.21521020891902962
purchase made,-0.09149196726302351
purchasing,0.014357910136815866
pure,-0.22790761930420292
puree,0.37036532910249176
push,-0.22184409191308577
put,-0.5250036120622785
putting,-0.291161457648222
quality,0.2182187987644277
quality end,0.2535192345108537
quality excellent,0.1606312762795056
quality food,-0.07351592976391028
quality poor,-0.27568428933067274
quality restaurant,-0.011236866271454338
quality sound,-0.03514671268714702
question,0.21852490659390233
quick,0.7276908769285754
quick even,0.25040529200860784
quickly,0.36454047106906584
quickly work,0.1668697425747324
quiet,-0.10170732527477697
quinn,0.24397243030619797
quite,0.5538316987291957
race,-0.04492343755069441
racial,-0.4032765077037916
range,0.6278425503427256
range good,0.1850331313213425
rank,0.17878091198146534
rare,-0.203105951874995
rarely,-0.5029470421583963
rate,0.31908557630080553
rate movie,0.4505826567673936
rated,-0.5448732083013507
rather,-0.11327313081282837
rating,-0.3000308491705996
ray,-0.018847660845536678
ray charles,-0.018847660845536678
razr,0.35850075207056487
reaction,0.196732246771725
reader,-0.10244301125079432
reading,-0.21156093397961742
ready,0.13316562116148686
real,-0.13404249961339526
real good,0.3870107448576982
real life,0.12927683406920534
real scare,0.15817145021345816
real treat,0.27566452539087644
realistic,0.07660861467566507
reality,-0.12102695279046136
realize,0.4727499207839291
really,0.21724149886749866
really bad,-0.28266730576927707
really enjoy,0.03825454009689573
really funny,0.21414121982152423
really good,0.6298178415431924
really great,0.3447005333382601
really like,0.5960102321371266
really nothing,-0.26860322929896485
really really,0.054045424244484004
really recommend,0.012710111214437343
really well,0.1457203989480298
really work,-0.30986929676800523
reason,-0.402114190184043
reasonable,0.4272521647203863
reasonably,0.5117709781787341
reasonably priced,0.392926255417698
receive,-0.27415972920801773
received,-0.2447417158327999
receiving,-0.3112608621511605
recent,0.16347700360849216
recent year,0.12438176894352325
recently,-0.03738749667063
reception,0.21415786421928792
recognition,0.3445813992943322
recommend,0.8292844447466404
recommend anyone,-0.3292006099784473
recommend item,0.07750694526484743
recommend movie,0.20621026974379927
recommend others,0.025136514525192298
recommend place,-0.16406190870491277
recommendation,0.4447731367582006
recommended,-0.20446625818765615
red,-0.20941054867218806
redeeming,-0.280857069068356
redeeming quality,0.07183745987942673
reference,0.17347694895572416
refill,-0.20339601239384683
refund,-0.44002974052944593
regarding,0.001931082360008943
regular,0.4169776572588539
relation,-0.1260315260954605
relationship,0.02327259836222804
relatively,-0.06501618048614953
released,0.03939752920151168
remaining,0.0031964909038007536
remake,-0.504394641897695
remember,0.03269868632128889
removing,0.0488694566601311
rent,0.16721161600719506
replace,0.1656304408146193
replacement,-0.4081610536301899
rest,-0.11223475898907556
restaurant,0.6050314197316629
result,-0.7585562565481724
return,-0.9758150137901083
returned,-0.29908464937693074
returning,-0.4857583427853685
review,-0.15219603864209547
reviewer,0.0383995546561495
rice,-0.09818361077125558
ridiculous,-0.5660145713630698
right,0.43470799623088696
right away,0.3284837063068325
ring,0.2689313327203966
ringtones,0.12921355872298063
rip,-0.1292802200347603
ripped,-0.40193803499080544
roasted,-0.13653858770129382
rock,0.5648399842442824
role,0.793150017620396
roll,-0.039267578895151395
room,-0.2293783715570477
rotating,0.34954409496842365
round,0.1319695680773321
row,-0.330405764774756
rubber,-0.28033960818717557
rude,-1.1647412141876146
run,0.3937108248224129
running,-0.06647854914386403
running around,-0.17905848507285357
ryan,-0.11793641765342792
sad,-0.4999342732033835
said,-0.2874308305295931
salad,-0.057931802329691674
salmon,0.26923053441614614
salsa,0.10426140816675089
salt,-0.23196065987891695
samsung,0.3663195678439532
sandra,-0.16800970744545035
sandra bullock,-0.16800970744545035
sandwich,0.4708250864914791
sashimi,-0.2619401677459808
sat,0.038402454375702076
satisfied,0.46304936236332284
sauce,0.18712992757314897
save,-0.274200648990452
saw,0.38857108605059715
saw film,0.3285591461242188
saw movie,-0.1265954275508558
say,-0.25289771989607
say enjoyed,0.21745555460500135
say least,-0.11386037849860202
say place,-0.03523969483535345
say wow,0.45406000488043313
saying,-0.27810912105455043
scale,0.265597251732793
scare,0.15817145021345816
scary,0.009071443629061073
scene,0.19720180653462666
scene like,0.0031964909038007536
scene movie,0.27650358037272366
scene scene,-0.2164473891504426
scenery,0.4151764269643582
schrader,0.1141027247635378
sci,0.2431395553286336
sci fi,0.2431395553286336
score,0.5669294352347272
scratched,-0.015898951813691758
scream,0.2862618955530751
screen,0.14826925300809732
screen get,-0.005227712082196861
screen went,-0.2890527719356588
screenwriter,0.06105998985968591
script,-0.5862741170166598
script bad,-0.0718895504590491
sea,0.237751910870336
seafood,0.14927141692704912
seamlessly,0.3444956629425866
season,-0.0665229420704983
seasoned,0.2029355432133753
seat,-0.13259500520695747
seated,0.09571319606127529
seating,-0.10681888877703664
second,-0.3401247694222201
second time,0.22625945079306797
secure,0.4032570205030886
see,0.7139691633277068
see anyone,0.18897142442117804
see film,0.10788258226074247
see kid,0.015078026230454901
see movie,-0.41275647173040975
seeing,0.3250793154604966
seem,-0.12987852273461026
seemed,-0.47559708800842115
seems,0.14810242993325945
seen,-0.5307009784981405
seen entire,-0.09441518346783861
seen movie,0.13675213978900913
selection,0.8917212295091053
self,-0.21815984149648512
self indulgent,0.12071695810822065
seller,0.6978970319824721
send,-0.129023735561051
sending,-0.31789579424428227
sending back,-0.38695020859019985
sens,-0.12987977963026895
sense,-0.3503188588534499
sentiment,0.2885130271757272
sequel,-0.1361191095820001
sequence,-0.13576920912105428
serf,-0.007365098082712845
series,-0.0948515715524703
serious,-0.1468033914273192
seriously,-0.16747581521986984
seriously believe,-0.33354267992035735
serve,0.27644476177532534
served,-0.09450013207028266
server,0.016507282436234106
server great,0.22748977238158316
server nice,0.21483574809704295
service,-0.023814428241269336
service extremely,-0.2216469905976687
service good,0.35562057889605536
service great,0.23572539997505407
service quick,0.33045273044591617
service slow,-0.3205297493189627
serving,-0.043283991545785404
set,-0.005777165758390152
setting,-0.42210242196680287
setup,0.750944755711064
several,0.015120756054532416
sex,0.3820583914442446
shame,-0.481765045659238
share,-0.15063533434311044
sharp,0.37370232243310714
shelf,-0.33666522747476746
shipped,0.3597501139532122
shipping,0.1176206493595026
short,0.356559533330013
short film,0.21693646416842774
shot,0.15927923051961312
show,-0.1361844469673461
show ever,-0.23120565540956994
show sign,0.0628231056191826
showed,0.4499142072830226
shrimp,-0.5036935174405515
sick,-0.6141858570981867
side,0.3144193431122136
sign,-0.2225402384044488
signal,-0.10472430241221137
silent,0.3425923327347436
similar,0.055076701433091735
simple,0.3656335554163238
simply,-0.20384132875464872
since,0.1556210556100453
singing,-0.05118434325859856
single,0.140680471121519
sister,0.36282368116566543
sit,-0.0328615173208479
site,0.2190528807217059
situation,0.1824562702802947
six,-0.26014987365840336
size,-0.1871971167759387
skype,0.24449981797662013
sleek,0.2799086935142593
sleep,-0.18990730634631967
slightest,-0.11854549938831149
slim,0.3338551913494652
slow,-1.5661864739987748
slow moving,-0.3093396795429351
small,0.14842377324885198
small family,0.19640269915713596
smart,0.19964455261325972
smell,-0.5009786147478282
smoke,-0.3142166492865105
smoothly,0.49578812477226186
software,-0.06494214928423404
soggy,-0.25974651632318563
solid,0.39246047741404005
solid acting,0.17426179351468699
someone,-0.2288830372795966
something,-0.20336278071571987
sometimes,-0.09049023057758923
somewhat,0.2661309181233617
son,-0.0953495262443845
song,0.17282706695651487
sony,0.22025001983451375
soon,0.09317512605663232
sorry,-0.3302936983659241
sort,-0.04090487207866132
soul,0.22265174441241398
sound,0.9055860937575115
sound better,-0.01661284187395931
sound clear,0.2932016610202364
sound effect,0.23936792277490462
sound good,0.1264972573825328
sound like,-0.02485048327486902
sound quality,0.5238561751543195
sound volume,0.04300801147557835
sounded,0.1947275798941106
soundtrack,0.76352067310192
soup,-0.007921415155685271
sour,0.18735894852337914
space,-0.052782944675491654
span,0.2545942500002806
speak,-0.07744433642927138
special,0.4681169924562379
special effect,-0.15569042028918556
speed,0.02430425918838295
spend,-0.2314624089678677
spent,-0.10931726315469471
spicy,0.17076432447390513
spicy enough,0.025408060261448175
spoiler,0.046212943414454206
spot,0.674251024648825
spring,-0.04372156822512163
sprint,-0.3888681699165092
staff,0.8212619025391913
staff friendly,-0.005135924445875935
staff great,0.08541736110737404
stale,-0.4046785502584543
stand,-0.14045007344335803
stanwyck,-0.116288838958337
star,0.30039422506602814
star food,-0.13300261207276515
star would,-0.1497696165490942
start,-0.5052948936557902
started,-0.7199412695321735
state,0.1003193082435278
stated,-0.40508129361434364
static,-0.2006619838565249
station,0.15551535418538925
stay,-0.3832295041377457
stay away,-0.6047283199485657
stayed,-0.020867656295924592
staying,0.15199885746949265
steak,0.5955902514102615
steve,0.29069914458102863
stick,0.5201821574824679
still,0.3384074475641826
still good,0.335593638426
still quite,0.26843380734410055
stink,-0.286747919523322
stir,0.01883450217811319
stocking,-0.03295792191968185
stomach,-0.35550365731868144
stop,0.11361473791168131
stopped,0.3022214410129345
storage,-0.19042900144875394
store,-0.45832900731580034
story,0.05624635113004752
story line,-0.039872838700386194
storyline,-0.3873275901226539
strange,-0.2803490841333812
street,0.16152583294211398
string,-0.29759460711217706
strip,0.05249874182307508
strong,0.5168257063644994
struck,-0.3954386731045198
student,0.004637182479461807
studio,0.012777136017794562
study,-0.05415623640896971
stuff,0.2934467961413523
stuffed,0.3443285159753314
stunning,0.3305684063885101
stupid,-1.3630279264559042
sturdy,1.0334101906445174
style,0.11291173976048237
sub,-0.06197879038130683
sublime,0.16814256762335483
subtle,0.397063157712633
subway,0.002823781999813685
suck,-0.9624531215838714
sucked,-0.8460511492146459
suffering,0.03351692431862365
sugary,-0.29342655550175517
suggest,-0.11470735439520903
sum,-0.22364951431718727
summary,0.014375423192435531
sunglass,-0.6880148418706995
super,-0.00430684212112975
super friendly,0.2987886219101807
super nice,0.22520360634086636
superb,0.8069796019512516
superbly,0.10209672926881741
support,-0.41680683238132565
supposed,-0.04106708198331584
supposedly,-0.345680675482833
sure,-0.7192547472728946
sure beat,-0.01528944568165412
surprise,0.3315307674202928
surprised,0.0689295894860116
surprisingly,0.07660861467566507
surrounding,0.18270621020412153
sushi,-0.031018829635029672
sushi lover,-0.29215015710003694
sushi place,0.34047941743717475
suspense,-0.1800708235554947
sweet,0.658635951722499
sweet potato,0.38014182853515366
switch,-0.32594872123158747
table,-0.45400821958157783
taco,0.5353945826393948
take,-0.571904088582886
take forever,-0.17278023550226662
take picture,-0.10745814223383733
tale,0.14719072353581666
tale two,0.14719072353581666
talent,0.08540290915628111
talented,0.12755941144670777
talk,0.04287744384778497
tap,-0.02892361167952889
taped,0.35200809657175164
taste,0.04586184204180513
taste fresh,-0.5091862680110302
tasted,-0.49768764702248086
tasted like,-0.2742683000956645
tasteless,-0.4092871039239712
tasty,0.5893043182986344
taylor,-0.28129715555534435
tea,0.09363555902724659
technology,-0.17578123889507682
teeth,-0.020500463860005213
telephone,-0.1349382415973295
tell,-0.33325578554043267
ten,0.08521977705455165
ten minute,-0.24971039367896347
tender,0.4527767996313009
tension,-0.11633221769556583
term,0.3926039497685249
terrible,-1.6416536472334284
terrible customer,-0.1703756005118197
terribly,-0.39920665982009446
terrific,0.6722069148677577
texture,-0.05849597245638477
th,0.12113349217746666
th century,-0.03055889545609174
thai,0.32584284542201253
thank,-0.04656203100086999
thanks,0.13735209956932204
thats,-0.12431472592739642
theater,0.21201637050062463
theatre,0.06650844695475015
theme,-0.09457190438020338
thin,0.19378066532370666
thing,-0.7879379436390345
thing happen,-0.17947944209712993
thing make,-0.11635814487855738
thing really,0.1988939089132392
think,-0.39314309651495877
think ever,-0.08633581087036808
think go,-0.32673960664755364
think one,0.0031964909038007536
think would,-0.2739247810351386
thinking,-0.25631925007749057
third,-0.38952208513733205
thoroughly,0.23906935545480734
thoroughly enjoyed,0.07234654239895065
though,0.588829576466183
thought,0.40650242536165626
thought provoking,0.2870056927274449
three,-0.5284365688463117
thrilled,0.05928920025978289
thriller,0.188847497940027
throughout,-0.06367909725284486
throughout whole,-0.06137083992742871
thrown,-0.0979758715988228
thumb,0.9479638500979475
thus,0.22947787350898685
time,-0.007591778440876695
time even,0.2896769372880601
time film,-0.5458612389966329
time got,0.05818601796777095
time money,-0.0975145303421562
timely,0.36466355559146196
tinny,-0.42940066560296974
tiny,0.40300424287535036
tip,-0.05979005729313722
toast,0.19354803697633077
today,0.5672619459722744
together,0.0784508396918771
told,-0.25572662362394416
tom,0.2591745255771242
tom wilkinson,0.11896638944533462
tone,-0.06361928331640568
tongue,0.2238172005949557
tongue cheek,0.2238172005949557
tonight,-0.07961139879587513
took,-0.7633199672029096
tool,0.2010966439768014
tooth,0.01655805435138472
top,0.15721761987659574
torture,-0.26531262950572254
tot,0.3055127406799148
total,0.06940649141651253
total waste,-0.14296572408150923
totally,-0.6918881775491899
touch,0.08499300637873038
touching,0.3558708824089573
tough,-0.03489148573428227
towards,-0.3629325942236599
town,0.5954809138592345
transfer,0.3288580229561635
trash,-0.5527720999014966
treat,0.44662119992671284
treated,-0.19314232355802088
tremendous,0.19435504291942157
tremendously,-0.07959822703573619
treo,-0.1638324266217842
tried,0.4564981355991157
trip,0.33936168996060767
trouble,-0.11320775974346721
true,0.5034706674668892
truly,0.37024250464847147
try,0.2792766728905996
try place,0.3215330539846014
trying,-0.3409987384354691
tuna,-0.08414743850582561
turkey,-0.050085046178212245
turn,-0.4163955028156257
turn good,0.08200377924130328
turned,-0.41837074387268663
tv,0.4556970837892207
tv movie,0.16719905846995817
twice,0.39886714484642277
twist,-0.2139346769618764
two,0.42283172448655026
two hour,-0.2900570372737268
two people,0.19754780759111434
two year,-0.09077886158407757
type,0.4490429741513841
unbearable,-0.24648009994904255
unbelievable,-0.251750570913892
uncomfortable,-0.4022504298676591
underlying,0.1822300460839154
understand,-0.50057753242421
understanding,0.3311546000681381
underwhelming,-0.2812106105270046
undoubtedly,0.2168533086931108
unfolds,0.11706882145759612
unfortunately,-1.2606386860432377
uninteresting,-0.16153844286438107
unique,0.2410084198747149
unit,-0.7097029434393218
unless,-0.5730967565771087
unreliable,-0.6438721351075761
unsatisfactory,-0.37916115394557515
unusable,-0.5375489128420938
update,-0.014910485592894101
uplifting,0.2847423142338161
ups,0.3182893277757841
us,0.29127397763481777
usb,-0.0010457357339624957
use,-0.9088461706978903
used,-0.08838940008772234
useless,-0.6710758044716392
user,-0.2611671903604174
user friendly,-0.15896424383130256
using,0.13457384763914174
usual,0.36446102451130136
usually,0.5138531603289476
utterly,-0.17124945585118875
value,0.07954824561685292
vega,0.7510316789467452
vega buffet,0.30153248410211114
vegetable,-0.29990313890455833
vegetarian,-0.013681820906226012
verizon,0.25694028751327075
version,-0.2495004909964027
via,0.2659342230613303
vibe,0.31133433664039073
video,0.04639252466674031
view,0.2263166168908443
viewing,0.2903061464616777
villain,-0.16405012813712488
vinegrette,0.08372169488614933
visit,0.577597499632198
visual,-0.030257960227680434
voice,0.22663011682481657
voice dialing,0.39739999418589234
voice quality,0.020479380631615925
voice recognition,0.3445813992943322
volcano,-0.17772624444114277
volcano los,-0.17772624444114277
volume,-0.42583749450093455
vomited,-0.2091220221036081
vx,-0.0543432036461962
wait,0.06072916961832316
waited,-0.8888299061694381
waited hour,-0.19610285470039768
waited waited,-0.2797403443829531
waiter,-0.16650789480389397
waiter helpful,-0.007674229449638798
waiting,-0.4650243091695712
waitress,0.1263078012900371
walked,-0.2865972675725852
wall,0.22476260704720963
wall outlet,-0.04422369861902384
want,-0.197980295374834
wanted,0.32658642364835233
warm,-0.08965037021661919
warning,-0.6102522153354347
warranty,-0.1727420674526871
waste,-1.5826921955847213
waste money,-0.6812608941421343
waste time,-0.7825725132252073
wasted,-0.6586867575826156
wasting,-0.3652170186131532
watch,0.28695496443899393
watchable,-0.12559641458482573
watched,-0.19239089860636396
watching,0.21748691397542178
watching film,0.2054468680131322
water,-0.41862814510558
watkins,0.36029129842981905
watson,0.17049177208748018
wave,-0.21082271806865818
way,-0.2445693675610666
way like,0.136698966240554
way overpriced,-0.3359493282558351
weak,-0.5510900770179296
wear,0.7652078344773194
wear glass,0.2887093929320698
website,-0.30891214258953775
week,-0.09279855408172354
weight,0.40707167005775674
weird,-0.015175857290970683
well,1.9022900209652032
well done,0.004375487780889235
well made,0.4792813485198846
well paced,0.18732720287892166
well worth,0.25267251137491764
went,0.08833168684952875
went back,0.31894282011502456
went black,-0.2890527719356588
whatever,-0.3478414507230617
whatsoever,-0.32760675406890366
whether,0.024472939702264378
whine,-0.2375142724938602
white,0.6362410756801137
whole,-0.2576495366699495
wholesome,0.2154615104910544
wife,-0.018491790465591705
wife phone,-0.2459668642670825
wilkinson,0.11896638944533462
wind,0.6677214324306
wind lion,0.2900595099294986
wine,-0.0934177167665623
wing,-0.26354919537574373
winner,0.6020074305806958
wire,-0.2881733067728111
wired,-0.34697612702229624
wireless,-0.05094734726190493
wise,0.14001272538653653
wish,0.0431355647995966
wish could,-0.24307363280951164
within,-0.47585334748646135
without,0.5058231236277666
witty,0.15630155914736094
woman,0.0987965322721354
wonder,0.13539188494821436
wonderful,1.5095538885538833
wonderfully,0.3143683497951769
wooden,-0.3082008567516443
word,-0.3980745510278553
work,0.42927456549083
work fine,0.7651683653576465
work good,0.25748145016592944
work great,0.8066525912527656
work like,0.28700479117547195
work perfectly,0.2971259685791621
work phone,-0.40718463328324334
work well,0.3460563660969686
worked,0.21023348691784688
worked great,0.01819043018988972
worked like,0.26464405928105983
worked well,0.11716108761744626
worker,-0.31825447738505325
working,-0.13196835345525074
working great,0.2468342679849321
world,0.7995893014410703
worse,-0.9563741119757878
worst,-2.209089619832744
worst customer,-0.18500398010229072
worst ever,-0.45488890230406215
worst phone,-0.28905633259019375
worth,0.14005242094928572
worth checking,0.4222773577901058
worth seeing,0.16358230325444664
worthless,-0.24543457144604658
worthwhile,0.6949440669615788
would,-1.0461525340211253
would definitely,0.2923998279413759
would give,0.18036829515677238
would given,-0.36596927087110476
would go,-0.408613351504335
would highly,0.4453586507463448
would order,0.47105468590695726
would really,0.038655488193783345
would recommend,0.413399353326265
would take,-0.16313422451037163
would work,-0.32394675672932394
wow,0.6381707054404366
wrap,0.07084533909888385
write,-0.052586195637328005
writer,0.2905801919649622
writing,-0.2265842514766778
written,-0.008795580950168438
wrong,-0.3159948058806109
yeah,-0.29157618345624803
year,0.596062727195675
year ago,0.1955705998308914
year old,-0.4045905258377977
yes,0.05677024669747893
yet,0.42897644238884797
yet another,-0.02270390109122706
young,-0.02348578785223655
yummy,0.4301589677820317
zero,-0.6235276000942223
zero star,-0.5116167490368255
zombie,-0.1029945092294215
